Headquarters,Sector,Avg_6m_Funding,Avg_6m_Rounds,Avg_6m_Median_Size,Avg_12m_Funding,Avg_12m_Rounds,Avg_12m_Median_Size,Total_Funding,Total_Rounds,Avg_6m_Funding_Missing,Avg_6m_Rounds_Missing,Avg_6m_Median_Size_Missing,Avg_12m_Funding_Missing,Avg_12m_Rounds_Missing,Avg_12m_Median_Size_Missing
Abu Dhabi,Fintech,0.0,0.0,0.0,0.0,0.0,0.0,101.26,1.0,1,1,1,1,1,1
Ahemadabad,Consumer Internet,0.0,0.0,0.0,0.0,0.0,0.0,0.95,1.0,1,1,1,1,1,1
Ahemadabad,Ecommerce / Retail,0.0,0.0,0.0,0.0,0.0,0.0,51.71,1.0,1,1,1,1,1,1
Ahmedabad,Artificial Intelligence,166.0,1.0,166.0,166.0,1.0,166.0,174.3,2.0,0,0,0,0,0,0
Ahmedabad,Consumer Goods / D2C,12.45,1.0,12.45,12.45,1.0,12.45,20.75,2.0,0,0,0,0,0,0
Ahmedabad,Consumer Internet,256.25,4.78,16.36,259.05,5.44,9.34,775.99,11.0,0,0,0,0,0,0
Ahmedabad,Ecommerce / Retail,56.92,3.8,10.29,56.92,3.8,10.29,598.41,8.0,0,0,0,0,0,0
Ahmedabad,Edtech,0.0,0.0,0.0,0.0,0.0,0.0,3.32,1.0,1,1,1,1,1,1
Ahmedabad,Enterprise / Saas,405.87,5.4,10.55,474.04,8.0,8.45,1476.84,19.0,0,0,0,0,0,0
Ahmedabad,Fintech,233.96,3.0,79.73,233.96,3.0,79.73,448.52,6.0,0,0,0,0,0,0
Ahmedabad,Foodtech,2.49,1.0,2.49,2.49,1.0,2.49,19.09,2.0,0,0,0,0,0,0
Ahmedabad,Healthtech,134.05,1.5,100.22,134.05,1.5,100.22,384.29,3.0,0,0,0,0,0,0
Ahmedabad,Hrtech,0.0,0.0,0.0,0.0,0.0,0.0,1.17,1.0,1,1,1,1,1,1
Ahmedabad,Logistics / Supply Chain,0.0,0.0,0.0,0.0,0.0,0.0,2.03,1.0,1,1,1,1,1,1
Ahmedabad,Marketing / Adtech,0.0,0.0,0.0,0.0,0.0,0.0,4.15,1.0,1,1,1,1,1,1
Ahmedabad,Media / Entertainment / Gaming,0.0,0.0,0.0,0.0,0.0,0.0,8.3,1.0,1,1,1,1,1,1
Ahmedabad,Mobility / Automotive / Ev,0.0,0.0,0.0,0.0,0.0,0.0,8.3,1.0,1,1,1,1,1,1
Ahmedabad,Others,77.62,3.86,3.98,78.81,4.0,4.0,268.48,8.0,0,0,0,0,0,0
Ahmedabad,Real Estate / Proptech,0.0,0.0,0.0,0.0,0.0,0.0,1.29,1.0,1,1,1,1,1,1
Ahmedabad,Spacetech,14.94,1.0,14.94,14.94,1.0,14.94,42.33,2.0,0,0,0,0,0,0
Ahmednagar,Agritech,0.0,0.0,0.0,0.0,0.0,0.0,67.23,1.0,1,1,1,1,1,1
Akola,Artificial Intelligence,0.0,0.0,0.0,0.0,0.0,0.0,91.3,1.0,1,1,1,1,1,1
Alappuzha,Deeptech / Hardware,0.0,0.0,0.0,0.0,0.0,0.0,68.89,1.0,1,1,1,1,1,1
Ambernath,Consumer Internet,0.0,0.0,0.0,0.0,0.0,0.0,1.66,1.0,1,1,1,1,1,1
Amritsar,Logistics / Supply Chain,0.0,0.0,0.0,0.0,0.0,0.0,2.49,1.0,1,1,1,1,1,1
Andheri,Enterprise / Saas,47.73,1.0,47.73,47.73,1.0,47.73,56.03,2.0,0,0,0,0,0,0
Andheri,Fintech,16.6,1.0,16.6,16.6,1.0,16.6,182.6,2.0,0,0,0,0,0,0
Auckland,Fintech,0.0,0.0,0.0,0.0,0.0,0.0,117.86,1.0,1,1,1,1,1,1
Austin,Artificial Intelligence,0.0,0.0,0.0,0.0,0.0,0.0,132.8,1.0,1,1,1,1,1,1
Bahadurgarh,Ecommerce / Retail,0.0,0.0,0.0,0.0,0.0,0.0,207.5,1.0,1,1,1,1,1,1
Bangaldesh,Ecommerce / Retail,0.0,0.0,0.0,0.0,0.0,0.0,182.6,1.0,1,1,1,1,1,1
Bangalore,Agritech,257.78,6.25,21.95,366.06,9.81,19.92,1066.04,21.0,0,0,0,0,0,0
Bangalore,Analytics / Big Data,87.15,4.62,17.38,96.49,5.0,18.42,165.17,10.0,0,0,0,0,0,0
Bangalore,Artificial Intelligence,1698.85,10.48,57.73,3084.33,17.85,49.5,9883.44,71.0,0,0,0,0,0,0
Bangalore,Climate / Cleantech / Energy,2580.15,4.12,263.1,3015.9,4.5,266.06,3635.88,10.0,0,0,0,0,0,0
Bangalore,Consumer Goods / D2C,304.26,5.07,40.12,392.89,7.67,22.34,1378.08,19.0,0,0,0,0,0,0
Bangalore,Consumer Internet,3381.52,25.94,26.79,6683.86,50.75,25.83,30098.9,235.0,0,0,0,0,0,0
Bangalore,Cybersecurity,145.25,1.5,83.0,145.25,1.5,83.0,424.0,3.0,0,0,0,0,0,0
Bangalore,Deeptech / Hardware,454.0,5.57,42.31,457.55,5.71,38.34,888.44,12.0,0,0,0,0,0,0
Bangalore,Ecommerce / Retail,4792.79,13.3,131.12,9065.69,25.11,106.8,58824.76,174.0,0,0,0,0,0,0
Bangalore,Edtech,100.37,4.62,8.46,101.11,5.0,7.7,244.83,10.0,0,0,0,0,0,0
Bangalore,Enterprise / Saas,6586.35,29.73,38.68,12758.3,56.97,29.19,101744.69,469.0,0,0,0,0,0,0
Bangalore,Fintech,6698.51,19.41,111.58,12900.09,36.97,88.85,69703.49,208.0,0,0,0,0,0,0
Bangalore,Foodtech,4263.77,9.49,114.8,8223.76,17.31,96.1,28150.05,66.0,0,0,0,0,0,0
Bangalore,Healthtech,3443.26,12.42,114.31,6589.34,23.41,83.35,34338.03,129.0,0,0,0,0,0,0
Bangalore,Hrtech,115.51,3.0,34.53,115.51,3.0,34.53,178.98,6.0,0,0,0,0,0,0
Bangalore,Logistics / Supply Chain,1768.32,7.32,95.71,3265.38,13.47,82.71,12113.03,47.0,0,0,0,0,0,0
Bangalore,Marketing / Adtech,997.24,2.5,417.08,997.24,2.5,417.08,1115.52,6.0,0,0,0,0,0,0
Bangalore,Media / Entertainment / Gaming,71.31,4.67,8.3,76.47,5.33,7.89,176.88,12.0,0,0,0,0,0,0
Bangalore,Mobility / Automotive / Ev,2884.37,9.83,96.86,5341.62,18.46,60.03,17748.5,64.0,0,0,0,0,0,0
Bangalore,Others,3995.85,15.19,53.12,7833.24,28.74,49.89,39002.38,154.0,0,0,0,0,0,0
Bangalore,Real Estate / Proptech,1423.46,7.0,38.05,1824.36,10.47,22.49,6956.25,22.0,0,0,0,0,0,0
Bangalore,Spacetech,415.0,1.0,415.0,415.0,1.0,415.0,998.0,3.0,0,0,0,0,0,0
Bangalore,Travel / Hospitality,119.73,2.5,29.26,119.73,2.5,29.26,173.06,5.0,0,0,0,0,0,0
Bangalore,Venture Capital,83.0,1.0,83.0,83.0,1.0,83.0,103.75,2.0,0,0,0,0,0,0
Bangkok,Fintech,0.0,0.0,0.0,0.0,0.0,0.0,74.7,1.0,1,1,1,1,1,1
Beijing,Enterprise / Saas,0.0,0.0,0.0,0.0,0.0,0.0,1660.0,1.0,1,1,1,1,1,1
Belgaum,Foodtech,0.0,0.0,0.0,0.0,0.0,0.0,4.98,1.0,1,1,1,1,1,1
Belgaum,Others,0.0,0.0,0.0,0.0,0.0,0.0,4.15,1.0,1,1,1,1,1,1
Belthangady Taluk,Enterprise / Saas,0.0,0.0,0.0,0.0,0.0,0.0,16.6,1.0,1,1,1,1,1,1
Bengaluri,Deeptech / Hardware,0.0,0.0,0.0,0.0,0.0,0.0,147.74,1.0,1,1,1,1,1,1
Bengaluru And Gurugram,Ecommerce / Retail,0.0,0.0,0.0,0.0,0.0,0.0,24.9,1.0,1,1,1,1,1,1
Bengaluru Regstd Indian Office,Enterprise / Saas,0.0,0.0,0.0,0.0,0.0,0.0,166.0,1.0,1,1,1,1,1,1
Berlin,Agritech,0.0,0.0,0.0,0.0,0.0,0.0,1411.0,1.0,1,1,1,1,1,1
Bhilwara,Fintech,0.0,0.0,0.0,0.0,0.0,0.0,66.4,1.0,1,1,1,1,1,1
Bhopal,Artificial Intelligence,0.0,0.0,0.0,0.0,0.0,0.0,14.94,1.0,1,1,1,1,1,1
Bhopal,Ecommerce / Retail,0.0,0.0,0.0,0.0,0.0,0.0,3.57,1.0,1,1,1,1,1,1
Bhopal,Enterprise / Saas,0.83,1.0,0.83,0.83,1.0,0.83,4.98,2.0,0,0,0,0,0,0
Bhubaneswar,Deeptech / Hardware,0.0,0.0,0.0,0.0,0.0,0.0,5.0,1.0,1,1,1,1,1,1
Bhubaneswar,Enterprise / Saas,0.0,0.0,0.0,0.0,0.0,0.0,3.0,1.0,1,1,1,1,1,1
Bhubaneswar,Fintech,927.52,1.5,526.01,927.52,1.5,526.01,2514.9,3.0,0,0,0,0,0,0
Bhubaneswar,Healthtech,41.5,1.0,41.5,41.5,1.0,41.5,215.8,2.0,0,0,0,0,0,0
Bhubneswar,Fintech,0.0,0.0,0.0,0.0,0.0,0.0,190.9,1.0,1,1,1,1,1,1
Bihar,Agritech,2.73,1.0,2.73,2.73,1.0,2.73,1983.11,2.0,0,0,0,0,0,0
Boston,Others,0.0,0.0,0.0,0.0,0.0,0.0,24.9,1.0,1,1,1,1,1,1
Burnsville,Others,0.0,0.0,0.0,0.0,0.0,0.0,149.4,1.0,1,1,1,1,1,1
Chandigarh,Agritech,0.0,0.0,0.0,0.0,0.0,0.0,174.3,1.0,1,1,1,1,1,1
Chandigarh,Artificial Intelligence,1.96,1.5,1.26,1.96,1.5,1.26,23.54,3.0,0,0,0,0,0,0
Chandigarh,Consumer Goods / D2C,0.0,0.0,0.0,0.0,0.0,0.0,12.45,1.0,1,1,1,1,1,1
Chandigarh,Consumer Internet,0.0,0.0,0.0,0.0,0.0,0.0,83.0,1.0,1,1,1,1,1,1
Chandigarh,Enterprise / Saas,0.83,1.0,0.83,0.83,1.0,0.83,7.47,2.0,0,0,0,0,0,0
Chandigarh,Healthtech,175.96,1.5,131.56,175.96,1.5,131.56,179.62,3.0,0,0,0,0,0,0
Chandigarh,Logistics / Supply Chain,0.0,0.0,0.0,0.0,0.0,0.0,8.3,1.0,1,1,1,1,1,1
Chandigarh,Media / Entertainment / Gaming,0.0,0.0,0.0,0.0,0.0,0.0,8.3,1.0,1,1,1,1,1,1
Chandigarh,Mobility / Automotive / Ev,83.0,1.5,51.88,83.0,1.5,51.88,356.9,3.0,0,0,0,0,0,0
Chandigarh,Others,0.0,0.0,0.0,0.0,0.0,0.0,0.83,1.0,1,1,1,1,1,1
Chembur,Enterprise / Saas,0.0,0.0,0.0,0.0,0.0,0.0,2.65,1.0,1,1,1,1,1,1
Chennai,Agritech,497.49,5.5,87.76,582.69,6.12,90.62,925.96,11.0,0,0,0,0,0,0
Chennai,Analytics / Big Data,4.15,1.0,4.15,4.15,1.0,4.15,12.45,2.0,0,0,0,0,0,0
Chennai,Artificial Intelligence,25.11,2.5,7.26,25.11,2.5,7.26,189.24,6.0,0,0,0,0,0,0
Chennai,Climate / Cleantech / Energy,16.6,1.0,16.6,16.6,1.0,16.6,29.05,3.0,0,0,0,0,0,0
Chennai,Consumer Goods / D2C,1.25,1.0,1.25,1.25,1.0,1.25,9.55,2.0,0,0,0,0,0,0
Chennai,Consumer Internet,580.58,6.5,41.75,1001.54,10.61,34.58,2046.55,23.0,0,0,0,0,0,0
Chennai,Cybersecurity,8.3,1.0,8.3,8.3,1.0,8.3,11.3,2.0,0,0,0,0,0,0
Chennai,Deeptech / Hardware,41.91,1.5,23.13,41.91,1.5,23.13,76.58,3.0,0,0,0,0,0,0
Chennai,Ecommerce / Retail,214.27,5.18,26.03,234.56,6.55,10.87,508.89,13.0,0,0,0,0,0,0
Chennai,Edtech,0.0,0.0,0.0,0.0,0.0,0.0,8.3,1.0,1,1,1,1,1,1
Chennai,Enterprise / Saas,921.66,9.18,27.21,1560.58,16.97,23.52,6213.96,68.0,0,0,0,0,0,0
Chennai,Fintech,2256.73,8.38,125.99,3783.02,14.66,98.49,11145.86,45.0,0,0,0,0,0,0
Chennai,Foodtech,778.96,5.1,9.4,803.85,6.4,9.09,3626.72,12.0,0,0,0,0,0,0
Chennai,Healthtech,1293.79,4.71,116.56,1364.93,5.0,117.06,1858.38,9.0,0,0,0,0,0,0
Chennai,Legaltech,0.0,0.0,0.0,0.0,0.0,0.0,83.0,1.0,1,1,1,1,1,1
Chennai,Logistics / Supply Chain,178.45,1.5,96.49,178.45,1.5,96.49,338.64,3.0,0,0,0,0,0,0
Chennai,Mobility / Automotive / Ev,571.67,4.6,146.91,571.67,4.6,146.91,700.37,8.0,0,0,0,0,0,0
Chennai,Others,203.43,5.77,22.09,273.85,8.77,22.75,723.26,16.0,0,0,0,0,0,0
Chennai,Real Estate / Proptech,257.85,2.0,129.2,257.85,2.0,129.2,272.6,4.0,0,0,0,0,0,0
Chennai,Spacetech,41.5,1.0,41.5,41.5,1.0,41.5,141.5,2.0,0,0,0,0,0,0
Chennai,Travel / Hospitality,0.0,0.0,0.0,0.0,0.0,0.0,0.4,1.0,1,1,1,1,1,1
Chicago,Enterprise / Saas,81.34,1.0,81.34,81.34,1.0,81.34,2085.79,2.0,0,0,0,0,0,0
Chicago,Healthtech,0.0,0.0,0.0,0.0,0.0,0.0,24.9,1.0,1,1,1,1,1,1
Cochin,Ecommerce / Retail,0.0,0.0,0.0,0.0,0.0,0.0,3.32,2.0,1,1,1,1,1,1
Cochin,Foodtech,0.0,0.0,0.0,0.0,0.0,0.0,0.83,1.0,1,1,1,1,1,1
Cochin,Mobility / Automotive / Ev,0.0,0.0,0.0,0.0,0.0,0.0,12.45,1.0,1,1,1,1,1,1
Coimbatore,Agritech,249.0,1.0,249.0,249.0,1.0,249.0,250.04,2.0,0,0,0,0,0,0
Coimbatore,Climate / Cleantech / Energy,0.0,0.0,0.0,0.0,0.0,0.0,0.83,1.0,1,1,1,1,1,1
Coimbatore,Ecommerce / Retail,0.0,0.0,0.0,0.0,0.0,0.0,3.73,1.0,1,1,1,1,1,1
Coimbatore,Enterprise / Saas,0.0,0.0,0.0,0.0,0.0,0.0,2.55,1.0,1,1,1,1,1,1
Coimbatore,Foodtech,16.6,1.0,16.6,16.6,1.0,16.6,20.75,2.0,0,0,0,0,0,0
Coimbatore,Healthtech,0.0,0.0,0.0,0.0,0.0,0.0,52.29,1.0,1,1,1,1,1,1
Coimbatore,Mobility / Automotive / Ev,0.0,0.0,0.0,0.0,0.0,0.0,9.96,1.0,1,1,1,1,1,1
Coimbatore,Others,6.64,1.5,3.84,6.64,1.5,3.84,119.94,3.0,0,0,0,0,0,0
Coimbatore,Spacetech,0.0,0.0,0.0,0.0,0.0,0.0,9.13,1.0,1,1,1,1,1,1
Cumberland Furnace,Healthtech,0.0,0.0,0.0,0.0,0.0,0.0,124.5,1.0,1,1,1,1,1,1
Cuttack,Ecommerce / Retail,0.0,0.0,0.0,0.0,0.0,0.0,14.94,1.0,1,1,1,1,1,1
Dallas,Others,0.0,0.0,0.0,0.0,0.0,0.0,8.3,1.0,1,1,1,1,1,1
Dehradun,Foodtech,0.0,0.0,0.0,0.0,0.0,0.0,14.11,1.0,1,1,1,1,1,1
Dehradun,Healthtech,0.0,0.0,0.0,0.0,0.0,0.0,15.0,1.0,1,1,1,1,1,1
Dehradun,Others,0.0,0.0,0.0,0.0,0.0,0.0,16.6,1.0,1,1,1,1,1,1
Delaware,Artificial Intelligence,0.0,0.0,0.0,0.0,0.0,0.0,97.11,1.0,1,1,1,1,1,1
Delaware,Enterprise / Saas,0.0,0.0,0.0,0.0,0.0,0.0,24.9,1.0,1,1,1,1,1,1
Delhi And Mumbai,Healthtech,0.0,0.0,0.0,0.0,0.0,0.0,83.0,1.0,1,1,1,1,1,1
Delhi Cambridge,Enterprise / Saas,0.0,0.0,0.0,0.0,0.0,0.0,14.11,1.0,1,1,1,1,1,1
Delhi,Agritech,299.71,3.0,24.18,299.71,3.0,24.18,646.39,6.0,0,0,0,0,0,0
Delhi,Artificial Intelligence,81.22,4.71,11.44,84.07,5.0,11.15,170.15,9.0,0,0,0,0,0,0
Delhi,Climate / Cleantech / Energy,454.84,4.43,45.35,454.96,4.57,42.69,741.6,9.0,0,0,0,0,0,0
Delhi,Consumer Goods / D2C,75.11,4.2,21.48,75.11,4.2,21.48,137.8,8.0,0,0,0,0,0,0
Delhi,Consumer Internet,776.7,15.31,16.09,1515.35,29.41,14.2,5339.5,106.0,0,0,0,0,0,0
Delhi,Deeptech / Hardware,51.36,1.5,38.13,51.36,1.5,38.13,62.87,3.0,0,0,0,0,0,0
Delhi,Ecommerce / Retail,2573.37,10.23,24.52,5120.78,19.13,22.44,20365.46,90.0,0,0,0,0,0,0
Delhi,Edtech,207.19,3.0,27.15,207.19,3.0,27.15,494.32,6.0,0,0,0,0,0,0
Delhi,Enterprise / Saas,954.85,10.87,32.65,1862.63,20.9,22.11,10404.62,119.0,0,0,0,0,0,0
Delhi,Fintech,3170.58,9.84,40.13,6051.48,18.27,35.33,20178.74,66.0,0,0,0,0,0,0
Delhi,Foodtech,716.52,5.92,38.21,919.38,10.83,12.3,4357.57,39.0,0,0,0,0,0,0
Delhi,Healthtech,523.33,8.1,21.5,993.02,14.9,20.09,3648.43,59.0,0,0,0,0,0,0
Delhi,Hrtech,0.0,0.0,0.0,0.0,0.0,0.0,1.16,1.0,1,1,1,1,1,1
Delhi,Legaltech,0.0,0.0,0.0,0.0,0.0,0.0,0.83,1.0,1,1,1,1,1,1
Delhi,Logistics / Supply Chain,966.66,5.79,185.17,1662.47,8.57,189.91,2468.17,18.0,0,0,0,0,0,0
Delhi,Marketing / Adtech,0.0,0.0,0.0,0.0,0.0,0.0,4.98,1.0,1,1,1,1,1,1
Delhi,Media / Entertainment / Gaming,152.33,2.0,48.08,152.33,2.0,48.08,264.1,4.0,0,0,0,0,0,0
Delhi,Mobility / Automotive / Ev,482.34,6.2,59.37,598.21,7.3,67.44,1659.75,16.0,0,0,0,0,0,0
Delhi,Others,945.37,9.0,48.07,1831.36,16.24,17.32,6439.02,65.0,0,0,0,0,0,0
Delhi,Real Estate / Proptech,42.95,1.5,31.85,42.95,1.5,31.85,77.6,3.0,0,0,0,0,0,0
Delhi,Spacetech,0.0,0.0,0.0,0.0,0.0,0.0,8.3,1.0,1,1,1,1,1,1
Delhi,Travel / Hospitality,855.4,3.8,260.52,855.4,3.8,260.52,939.15,7.0,0,0,0,0,0,0
Dewas,Enterprise / Saas,0.0,0.0,0.0,0.0,0.0,0.0,23.22,1.0,1,1,1,1,1,1
Dhingsara,Enterprise / Saas,0.0,0.0,0.0,0.0,0.0,0.0,0.83,1.0,1,1,1,1,1,1
Dover,Artificial Intelligence,0.0,0.0,0.0,0.0,0.0,0.0,16.6,1.0,1,1,1,1,1,1
Dover,Enterprise / Saas,0.0,0.0,0.0,0.0,0.0,0.0,9.13,1.0,1,1,1,1,1,1
Dubai,Enterprise / Saas,0.0,0.0,0.0,0.0,0.0,0.0,16.6,1.0,1,1,1,1,1,1
Ernakulam,Deeptech / Hardware,0.0,0.0,0.0,0.0,0.0,0.0,4.3,1.0,1,1,1,1,1,1
Eximpe Is Managing Sellers,Others,0.0,0.0,0.0,0.0,0.0,0.0,12.3,1.0,1,1,1,1,1,1
Faridabad,Artificial Intelligence,62.25,1.0,62.25,62.25,1.0,62.25,67.85,2.0,0,0,0,0,0,0
Faridabad,Consumer Goods / D2C,0.0,0.0,0.0,0.0,0.0,0.0,788.5,1.0,1,1,1,1,1,1
Faridabad,Ecommerce / Retail,1917.3,1.0,1917.3,1917.3,1.0,1917.3,9381.49,2.0,0,0,0,0,0,0
Faridabad,Enterprise / Saas,0.0,0.0,0.0,0.0,0.0,0.0,41.5,1.0,1,1,1,1,1,1
Faridabad,Fintech,0.0,0.0,0.0,0.0,0.0,0.0,23.7,1.0,1,1,1,1,1,1
Faridabad,Healthtech,0.0,0.0,0.0,0.0,0.0,0.0,174.3,1.0,1,1,1,1,1,1
Faridabad,Others,1826.0,1.0,1826.0,1826.0,1.0,1826.0,9524.25,2.0,0,0,0,0,0,0
Food Beverages,Others,0.0,0.0,0.0,0.0,0.0,0.0,3.83,1.0,1,1,1,1,1,1
France,Enterprise / Saas,0.0,0.0,0.0,0.0,0.0,0.0,91.3,1.0,1,1,1,1,1,1
Gandhinagar,Agritech,0.0,0.0,0.0,0.0,0.0,0.0,1.66,1.0,1,1,1,1,1,1
Gaya,Fintech,0.0,0.0,0.0,0.0,0.0,0.0,49.8,1.0,1,1,1,1,1,1
Ghaziabad,Ecommerce / Retail,0.0,0.0,0.0,0.0,0.0,0.0,33.2,1.0,1,1,1,1,1,1
Ghaziabad,Logistics / Supply Chain,0.0,0.0,0.0,0.0,0.0,0.0,1.25,1.0,1,1,1,1,1,1
Gift,Fintech,0.0,0.0,0.0,0.0,0.0,0.0,224.1,1.0,1,1,1,1,1,1
Goa,Consumer Internet,0.0,0.0,0.0,0.0,0.0,0.0,8.3,1.0,1,1,1,1,1,1
Goa,Enterprise / Saas,15.05,2.5,7.0,15.05,2.5,7.0,26.15,5.0,0,0,0,0,0,0
Goa,Foodtech,0.0,0.0,0.0,0.0,0.0,0.0,1.83,1.0,1,1,1,1,1,1
Goa,Healthtech,11.21,1.0,11.21,11.21,1.0,11.21,986.46,2.0,0,0,0,0,0,0
Goa,Logistics / Supply Chain,0.0,0.0,0.0,0.0,0.0,0.0,1.49,1.0,1,1,1,1,1,1
Goa,Mobility / Automotive / Ev,0.0,0.0,0.0,0.0,0.0,0.0,1.66,1.0,1,1,1,1,1,1
Goa,Others,0.0,0.0,0.0,0.0,0.0,0.0,2.06,1.0,1,1,1,1,1,1
Greater Noida,Others,0.0,0.0,0.0,0.0,0.0,0.0,166.0,1.0,1,1,1,1,1,1
Gujarat,Climate / Cleantech / Energy,29.05,1.0,29.05,29.05,1.0,29.05,77.69,2.0,0,0,0,0,0,0
Gujarat,Deeptech / Hardware,0.0,0.0,0.0,0.0,0.0,0.0,12.62,1.0,1,1,1,1,1,1
Gujarat,Enterprise / Saas,0.0,0.0,0.0,0.0,0.0,0.0,6.64,1.0,1,1,1,1,1,1
Gujarat,Fintech,64.74,1.5,32.99,64.74,1.5,32.99,160.19,3.0,0,0,0,0,0,0
Gujarat,Foodtech,0.0,0.0,0.0,0.0,0.0,0.0,215.8,2.0,1,1,1,1,1,1
Gujarat,Healthtech,0.0,0.0,0.0,0.0,0.0,0.0,12.45,1.0,1,1,1,1,1,1
Gujarat,Mobility / Automotive / Ev,0.0,0.0,0.0,0.0,0.0,0.0,24.9,1.0,1,1,1,1,1,1
Gurgaon,Agritech,434.43,5.31,66.7,566.47,7.85,60.73,1167.29,15.0,0,0,0,0,0,0
Gurgaon,Analytics / Big Data,9.96,1.0,9.96,9.96,1.0,9.96,709.96,2.0,0,0,0,0,0,0
Gurgaon,Artificial Intelligence,697.21,5.86,144.44,1179.86,8.36,144.68,1942.0,20.0,0,0,0,0,0,0
Gurgaon,Climate / Cleantech / Energy,10.66,2.0,2.66,10.66,2.0,2.66,352.35,6.0,0,0,0,0,0,0
Gurgaon,Consumer Goods / D2C,190.88,4.89,26.53,234.16,5.56,26.71,516.64,11.0,0,0,0,0,0,0
Gurgaon,Consumer Internet,2347.93,14.27,48.49,4188.31,27.15,38.59,18869.52,101.0,0,0,0,0,0,0
Gurgaon,Ecommerce / Retail,1503.51,9.11,67.27,2836.86,16.63,61.3,12666.41,85.0,0,0,0,0,0,0
Gurgaon,Edtech,8.3,1.0,8.3,8.3,1.0,8.3,573.53,2.0,0,0,0,0,0,0
Gurgaon,Enterprise / Saas,1746.0,11.24,32.71,3367.71,21.11,27.88,18532.71,124.0,0,0,0,0,0,0
Gurgaon,Fintech,1628.24,10.2,65.69,3124.86,18.83,60.72,12905.42,83.0,0,0,0,0,0,0
Gurgaon,Foodtech,3475.93,7.7,96.7,5482.2,13.83,102.02,18868.21,43.0,0,0,0,0,0,0
Gurgaon,Healthtech,3087.86,8.76,51.47,5721.51,16.24,27.09,22578.33,65.0,0,0,0,0,0,0
Gurgaon,Hrtech,16.43,2.0,9.13,16.43,2.0,9.13,45.98,4.0,0,0,0,0,0,0
Gurgaon,Legaltech,0.0,0.0,0.0,0.0,0.0,0.0,6.5,1.0,1,1,1,1,1,1
Gurgaon,Logistics / Supply Chain,1852.77,7.38,98.59,2690.39,12.14,102.03,7146.24,30.0,0,0,0,0,0,0
Gurgaon,Marketing / Adtech,13.28,1.5,9.75,13.28,1.5,9.75,600.92,4.0,0,0,0,0,0,0
Gurgaon,Media / Entertainment / Gaming,7.75,2.0,3.6,7.75,2.0,3.6,28.22,4.0,0,0,0,0,0,0
Gurgaon,Mobility / Automotive / Ev,3455.5,6.81,188.87,4735.04,10.75,38.61,9510.52,22.0,0,0,0,0,0,0
Gurgaon,Others,760.34,8.55,52.89,1243.54,15.28,35.64,4834.55,47.0,0,0,0,0,0,0
Gurgaon,Real Estate / Proptech,181.99,3.0,33.2,181.99,3.0,33.2,274.85,6.0,0,0,0,0,0,0
Gurgaon,Spacetech,0.0,0.0,0.0,0.0,0.0,0.0,4.15,1.0,1,1,1,1,1,1
Gurgaon,Travel / Hospitality,3979.02,4.0,425.46,3979.02,4.0,425.46,6078.09,8.0,0,0,0,0,0,0
Guwahati,Others,0.0,0.0,0.0,0.0,0.0,0.0,809.83,1.0,1,1,1,1,1,1
Gwalior,Consumer Internet,3.32,1.0,3.32,3.32,1.0,3.32,7.47,2.0,0,0,0,0,0,0
Haryana,Agritech,0.0,0.0,0.0,0.0,0.0,0.0,3.2,1.0,1,1,1,1,1,1
Haryana,Artificial Intelligence,207.5,1.0,207.5,207.5,1.0,207.5,273.9,2.0,0,0,0,0,0,0
Haryana,Climate / Cleantech / Energy,0.0,0.0,0.0,0.0,0.0,0.0,226.0,1.0,1,1,1,1,1,1
Haryana,Consumer Goods / D2C,0.0,0.0,0.0,0.0,0.0,0.0,1.66,1.0,1,1,1,1,1,1
Haryana,Consumer Internet,0.0,0.0,0.0,0.0,0.0,0.0,49.3,2.0,1,1,1,1,1,1
Haryana,Deeptech / Hardware,0.0,0.0,0.0,0.0,0.0,0.0,11.29,1.0,1,1,1,1,1,1
Haryana,Ecommerce / Retail,917.98,2.0,302.74,917.98,2.0,302.74,2061.38,5.0,0,0,0,0,0,0
Haryana,Edtech,0.0,0.0,0.0,0.0,0.0,0.0,132.8,1.0,1,1,1,1,1,1
Haryana,Enterprise / Saas,321.04,2.5,101.9,321.04,2.5,101.9,642.59,5.0,0,0,0,0,0,0
Haryana,Fintech,151.48,1.5,107.9,151.48,1.5,107.9,203.35,3.0,0,0,0,0,0,0
Haryana,Foodtech,1344.6,2.0,672.3,1344.6,2.0,672.3,1552.1,3.0,0,0,0,0,0,0
Haryana,Healthtech,0.0,0.0,0.0,0.0,0.0,0.0,12.45,1.0,1,1,1,1,1,1
Haryana,Media / Entertainment / Gaming,0.0,0.0,0.0,0.0,0.0,0.0,3.32,1.0,1,1,1,1,1,1
Haryana,Mobility / Automotive / Ev,2763.9,1.0,2763.9,2763.9,1.0,2763.9,2765.77,2.0,0,0,0,0,0,0
Haryana,Others,4.15,1.0,4.15,4.15,1.0,4.15,4.98,2.0,0,0,0,0,0,0
Haveri,Healthtech,0.0,0.0,0.0,0.0,0.0,0.0,25.73,1.0,1,1,1,1,1,1
Hoshiarpur,Agritech,0.0,0.0,0.0,0.0,0.0,0.0,4.0,1.0,1,1,1,1,1,1
Houston,Others,0.0,0.0,0.0,0.0,0.0,0.0,332.0,1.0,1,1,1,1,1,1
Hyderabad,Agritech,0.0,0.0,0.0,0.0,0.0,0.0,8.3,1.0,1,1,1,1,1,1
Hyderabad,Analytics / Big Data,0.0,0.0,0.0,0.0,0.0,0.0,33.2,1.0,1,1,1,1,1,1
Hyderabad,Artificial Intelligence,9.14,1.5,6.23,9.14,1.5,6.23,61.44,3.0,0,0,0,0,0,0
Hyderabad,Climate / Cleantech / Energy,552.78,3.0,41.5,552.78,3.0,41.5,1247.49,6.0,0,0,0,0,0,0
Hyderabad,Consumer Goods / D2C,8.3,1.0,8.3,8.3,1.0,8.3,79.68,2.0,0,0,0,0,0,0
Hyderabad,Consumer Internet,314.11,7.11,13.22,380.59,11.61,9.79,1043.29,25.0,0,0,0,0,0,0
Hyderabad,Cybersecurity,24.9,1.0,24.9,24.9,1.0,24.9,33.2,2.0,0,0,0,0,0,0
Hyderabad,Deeptech / Hardware,0.0,0.0,0.0,0.0,0.0,0.0,4.15,1.0,1,1,1,1,1,1
Hyderabad,Ecommerce / Retail,110.8,4.75,15.65,133.98,6.5,11.4,299.63,13.0,0,0,0,0,0,0
Hyderabad,Edtech,2.08,1.0,2.08,2.08,1.0,2.08,7.47,2.0,0,0,0,0,0,0
Hyderabad,Enterprise / Saas,641.77,8.59,29.75,1150.42,15.54,22.63,4680.93,63.0,0,0,0,0,0,0
Hyderabad,Fintech,283.73,5.46,30.43,400.44,7.54,33.57,1706.79,16.0,0,0,0,0,0,0
Hyderabad,Foodtech,74.07,3.0,15.05,74.07,3.0,15.05,159.03,6.0,0,0,0,0,0,0
Hyderabad,Healthtech,345.29,4.85,51.56,373.96,6.92,17.3,1153.0,14.0,0,0,0,0,0,0
Hyderabad,Hrtech,0.0,0.0,0.0,0.0,0.0,0.0,124.5,1.0,1,1,1,1,1,1
Hyderabad,Logistics / Supply Chain,37.14,2.0,4.88,37.14,2.0,4.88,150.85,4.0,0,0,0,0,0,0
Hyderabad,Marketing / Adtech,0.0,0.0,0.0,0.0,0.0,0.0,8.3,1.0,1,1,1,1,1,1
Hyderabad,Media / Entertainment / Gaming,0.0,0.0,0.0,0.0,0.0,0.0,2.08,1.0,1,1,1,1,1,1
Hyderabad,Mobility / Automotive / Ev,17.66,2.5,2.98,17.66,2.5,2.98,59.1,5.0,0,0,0,0,0,0
Hyderabad,Others,318.8,5.33,5.64,328.8,7.08,4.06,1383.32,15.0,0,0,0,0,0,0
Hyderabad,Real Estate / Proptech,0.0,0.0,0.0,0.0,0.0,0.0,23.24,1.0,1,1,1,1,1,1
Hyderabad,Spacetech,0.0,0.0,0.0,0.0,0.0,0.0,19.92,1.0,1,1,1,1,1,1
Hyderabad,Travel / Hospitality,0.0,0.0,0.0,0.0,0.0,0.0,8.3,1.0,1,1,1,1,1,1
Hyderebad,Real Estate / Proptech,0.0,0.0,0.0,0.0,0.0,0.0,9.13,1.0,1,1,1,1,1,1
Ichalkaranji,Healthtech,0.0,0.0,0.0,0.0,0.0,0.0,24.9,1.0,1,1,1,1,1,1
India,Analytics / Big Data,0.0,0.0,0.0,0.0,0.0,0.0,249.0,1.0,1,1,1,1,1,1
India,Artificial Intelligence,0.0,0.0,0.0,0.0,0.0,0.0,34.86,1.0,1,1,1,1,1,1
India,Consumer Goods / D2C,0.0,0.0,0.0,0.0,0.0,0.0,8.3,1.0,1,1,1,1,1,1
India,Ecommerce / Retail,0.0,0.0,0.0,0.0,0.0,0.0,1875.8,1.0,1,1,1,1,1,1
India,Enterprise / Saas,244.85,1.0,244.85,244.85,1.0,244.85,417.49,2.0,0,0,0,0,0,0
India,Fintech,348.6,1.0,348.6,348.6,1.0,348.6,352.6,2.0,0,0,0,0,0,0
India,Healthtech,0.0,0.0,0.0,0.0,0.0,0.0,182.6,1.0,1,1,1,1,1,1
India,Others,0.0,0.0,0.0,0.0,0.0,0.0,249.0,1.0,1,1,1,1,1,1
Indianapolis,Fintech,0.0,0.0,0.0,0.0,0.0,0.0,76.36,1.0,1,1,1,1,1,1
Indore,Agritech,2.82,1.0,2.82,2.82,1.0,2.82,85.82,2.0,0,0,0,0,0,0
Indore,Artificial Intelligence,8.3,1.0,8.3,8.3,1.0,8.3,48.14,2.0,0,0,0,0,0,0
Indore,Consumer Internet,8.3,1.0,8.3,8.3,1.0,8.3,10.77,2.0,0,0,0,0,0,0
Indore,Ecommerce / Retail,0.0,0.0,0.0,0.0,0.0,0.0,20.75,1.0,1,1,1,1,1,1
Indore,Enterprise / Saas,64.44,4.17,9.42,64.44,4.17,9.42,189.18,8.0,0,0,0,0,0,0
Indore,Fintech,0.0,0.0,0.0,0.0,0.0,0.0,20.75,1.0,1,1,1,1,1,1
Indore,Foodtech,0.0,0.0,0.0,0.0,0.0,0.0,12.45,1.0,1,1,1,1,1,1
Indore,Logistics / Supply Chain,0.0,0.0,0.0,0.0,0.0,0.0,3.11,1.0,1,1,1,1,1,1
Indore,Others,120.0,1.0,120.0,120.0,1.0,120.0,204.6,2.0,0,0,0,0,0,0
Indore,Spacetech,0.0,0.0,0.0,0.0,0.0,0.0,13.0,1.0,1,1,1,1,1,1
Irvine,Artificial Intelligence,0.0,0.0,0.0,0.0,0.0,0.0,4.15,1.0,1,1,1,1,1,1
Israel,Ecommerce / Retail,0.0,0.0,0.0,0.0,0.0,0.0,1.0,1.0,1,1,1,1,1,1
Jabalpur,Enterprise / Saas,0.0,0.0,0.0,0.0,0.0,0.0,2.72,1.0,1,1,1,1,1,1
Jaipur,Agritech,0.0,0.0,0.0,0.0,0.0,0.0,8.3,1.0,1,1,1,1,1,1
Jaipur,Artificial Intelligence,124.5,1.0,124.5,124.5,1.0,124.5,249.0,2.0,0,0,0,0,0,0
Jaipur,Consumer Goods / D2C,83.0,1.0,83.0,83.0,1.0,83.0,88.81,2.0,0,0,0,0,0,0
Jaipur,Consumer Internet,103.3,3.0,32.37,103.3,3.0,32.37,139.26,6.0,0,0,0,0,0,0
Jaipur,Deeptech / Hardware,0.0,0.0,0.0,0.0,0.0,0.0,9.96,1.0,1,1,1,1,1,1
Jaipur,Ecommerce / Retail,147.7,4.33,18.05,156.28,5.0,17.02,352.48,10.0,0,0,0,0,0,0
Jaipur,Edtech,3.32,1.0,3.32,3.32,1.0,3.32,57.27,2.0,0,0,0,0,0,0
Jaipur,Enterprise / Saas,73.4,3.86,5.84,74.59,4.0,5.96,526.23,8.0,0,0,0,0,0,0
Jaipur,Fintech,858.05,3.2,190.07,858.05,3.2,190.07,3505.09,7.0,0,0,0,0,0,0
Jaipur,Foodtech,11.2,1.5,7.68,11.2,1.5,7.68,31.11,3.0,0,0,0,0,0,0
Jaipur,Healthtech,1.45,1.0,1.45,1.45,1.0,1.45,4.45,2.0,0,0,0,0,0,0
Jaipur,Mobility / Automotive / Ev,1203.5,1.5,830.0,1203.5,1.5,830.0,3569.0,3.0,0,0,0,0,0,0
Jaipur,Others,54.38,2.5,21.25,54.38,2.5,21.25,101.48,5.0,0,0,0,0,0,0
Jalandhar,Ecommerce / Retail,0.0,0.0,0.0,0.0,0.0,0.0,4.15,1.0,1,1,1,1,1,1
Jiaxing,Healthtech,0.0,0.0,0.0,0.0,0.0,0.0,1460.8,1.0,1,1,1,1,1,1
Jodhpur,Agritech,0.0,0.0,0.0,0.0,0.0,0.0,0.17,1.0,1,1,1,1,1,1
Jodhpur,Consumer Internet,0.0,0.0,0.0,0.0,0.0,0.0,1.33,1.0,1,1,1,1,1,1
Jodhpur,Enterprise / Saas,0.0,0.0,0.0,0.0,0.0,0.0,4.98,1.0,1,1,1,1,1,1
Jodhpur,Foodtech,0.0,0.0,0.0,0.0,0.0,0.0,4.15,1.0,1,1,1,1,1,1
Jodhpur,Healthtech,0.0,0.0,0.0,0.0,0.0,0.0,0.83,1.0,1,1,1,1,1,1
Kanpur,Biotech,0.0,0.0,0.0,0.0,0.0,0.0,11.62,1.0,1,1,1,1,1,1
Kanpur,Consumer Internet,0.0,0.0,0.0,0.0,0.0,0.0,1.66,1.0,1,1,1,1,1,1
Kanpur,Others,16.57,1.5,8.33,16.57,1.5,8.33,277.67,3.0,0,0,0,0,0,0
Karachi,Others,0.0,0.0,0.0,0.0,0.0,0.0,12.45,1.0,1,1,1,1,1,1
Karnataka,Biotech,0.0,0.0,0.0,0.0,0.0,0.0,232.4,1.0,1,1,1,1,1,1
Karnataka,Climate / Cleantech / Energy,0.0,0.0,0.0,0.0,0.0,0.0,2.06,1.0,1,1,1,1,1,1
Karnataka,Consumer Internet,0.0,0.0,0.0,0.0,0.0,0.0,139.57,5.0,1,1,1,1,1,1
Karnataka,Ecommerce / Retail,946.2,1.0,946.2,946.2,1.0,946.2,1006.79,3.0,0,0,0,0,0,0
Karnataka,Enterprise / Saas,12.45,1.0,12.45,12.45,1.0,12.45,212.06,6.0,0,0,0,0,0,0
Karnataka,Fintech,15.36,1.0,15.36,15.36,1.0,15.36,164.76,3.0,0,0,0,0,0,0
Karnataka,Foodtech,6.22,1.0,6.22,6.22,1.0,6.22,2498.79,3.0,0,0,0,0,0,0
Karnataka,Healthtech,4980.0,1.0,4980.0,4980.0,1.0,4980.0,5004.9,2.0,0,0,0,0,0,0
Karnataka,Logistics / Supply Chain,0.0,0.0,0.0,0.0,0.0,0.0,29.75,1.0,1,1,1,1,1,1
Karnataka,Mobility / Automotive / Ev,0.0,0.0,0.0,0.0,0.0,0.0,41.5,1.0,1,1,1,1,1,1
Karnataka,Others,0.0,0.0,0.0,0.0,0.0,0.0,139.44,4.0,1,1,1,1,1,1
Karnataka,Real Estate / Proptech,0.0,0.0,0.0,0.0,0.0,0.0,2.49,1.0,1,1,1,1,1,1
Kerala,Enterprise / Saas,0.0,0.0,0.0,0.0,0.0,0.0,0.22,1.0,1,1,1,1,1,1
Kochi,Agritech,3.9,1.0,3.9,3.9,1.0,3.9,10.54,2.0,0,0,0,0,0,0
Kochi,Deeptech / Hardware,0.0,0.0,0.0,0.0,0.0,0.0,10.0,1.0,1,1,1,1,1,1
Kochi,Enterprise / Saas,11.62,1.0,11.62,11.62,1.0,11.62,25.73,2.0,0,0,0,0,0,0
Kochi,Healthtech,0.0,0.0,0.0,0.0,0.0,0.0,17.43,1.0,1,1,1,1,1,1
Kochi,Real Estate / Proptech,0.0,0.0,0.0,0.0,0.0,0.0,3.32,1.0,1,1,1,1,1,1
Kochin,Enterprise / Saas,0.0,0.0,0.0,0.0,0.0,0.0,58.1,1.0,1,1,1,1,1,1
Kolkata,Artificial Intelligence,2.21,1.0,2.21,2.21,1.0,2.21,14.66,2.0,0,0,0,0,0,0
Kolkata,Climate / Cleantech / Energy,0.0,0.0,0.0,0.0,0.0,0.0,500.0,1.0,1,1,1,1,1,1
Kolkata,Consumer Goods / D2C,0.0,0.0,0.0,0.0,0.0,0.0,250.0,1.0,1,1,1,1,1,1
Kolkata,Consumer Internet,1.66,1.5,1.14,1.66,1.5,1.14,3.06,3.0,0,0,0,0,0,0
Kolkata,Deeptech / Hardware,0.0,0.0,0.0,0.0,0.0,0.0,4.0,1.0,1,1,1,1,1,1
Kolkata,Ecommerce / Retail,97.11,3.0,33.53,97.11,3.0,33.53,207.09,6.0,0,0,0,0,0,0
Kolkata,Enterprise / Saas,90.79,4.5,7.98,103.41,5.5,6.03,255.83,11.0,0,0,0,0,0,0
Kolkata,Fintech,0.0,0.0,0.0,0.0,0.0,0.0,16.6,1.0,1,1,1,1,1,1
Kolkata,Foodtech,82.45,2.0,27.39,82.45,2.0,27.39,414.28,4.0,0,0,0,0,0,0
Kolkata,Healthtech,14.11,1.5,7.47,14.11,1.5,7.47,31.9,3.0,0,0,0,0,0,0
Kolkata,Mobility / Automotive / Ev,0.0,0.0,0.0,0.0,0.0,0.0,0.83,1.0,1,1,1,1,1,1
Kolkata,Others,79.14,2.0,17.23,79.14,2.0,17.23,291.82,5.0,0,0,0,0,0,0
Kolkata,Travel / Hospitality,0.0,0.0,0.0,0.0,0.0,0.0,20.75,1.0,1,1,1,1,1,1
Kormangala,Logistics / Supply Chain,8.3,1.0,8.3,8.3,1.0,8.3,2357.2,2.0,0,0,0,0,0,0
Kormangala,Travel / Hospitality,0.0,0.0,0.0,0.0,0.0,0.0,0.34,1.0,1,1,1,1,1,1
Kota,Agritech,0.0,0.0,0.0,0.0,0.0,0.0,58.1,1.0,1,1,1,1,1,1
Kottayam,Enterprise / Saas,0.0,0.0,0.0,0.0,0.0,0.0,83.0,1.0,1,1,1,1,1,1
Lewes,Enterprise / Saas,0.0,0.0,0.0,0.0,0.0,0.0,498.0,1.0,1,1,1,1,1,1
Linthicum Heights,Artificial Intelligence,0.0,0.0,0.0,0.0,0.0,0.0,180.94,1.0,1,1,1,1,1,1
Lonavala,Healthtech,0.0,0.0,0.0,0.0,0.0,0.0,624.8,1.0,1,1,1,1,1,1
London,Fintech,374.01,1.5,189.5,374.01,1.5,189.5,818.06,3.0,0,0,0,0,0,0
London,Healthtech,0.0,0.0,0.0,0.0,0.0,0.0,207.5,1.0,1,1,1,1,1,1
London,Mobility / Automotive / Ev,0.0,0.0,0.0,0.0,0.0,0.0,979.4,1.0,1,1,1,1,1,1
London,Real Estate / Proptech,0.0,0.0,0.0,0.0,0.0,0.0,102.09,1.0,1,1,1,1,1,1
Lucknow,Agritech,0.0,0.0,0.0,0.0,0.0,0.0,16.6,1.0,1,1,1,1,1,1
Lucknow,Enterprise / Saas,8.3,1.0,8.3,8.3,1.0,8.3,37.35,2.0,0,0,0,0,0,0
Lucknow,Fintech,0.0,0.0,0.0,0.0,0.0,0.0,20.75,1.0,1,1,1,1,1,1
Lucknow,Foodtech,0.0,0.0,0.0,0.0,0.0,0.0,10.0,1.0,1,1,1,1,1,1
Lucknow,Healthtech,9.32,2.5,1.65,9.32,2.5,1.65,21.12,5.0,0,0,0,0,0,0
Ludhiana,Fintech,0.0,0.0,0.0,0.0,0.0,0.0,166.0,1.0,1,1,1,1,1,1
Madhya Pradesh,Enterprise / Saas,0.0,0.0,0.0,0.0,0.0,0.0,16.6,1.0,1,1,1,1,1,1
Maharashtra,Agritech,0.0,0.0,0.0,0.0,0.0,0.0,46.48,1.0,1,1,1,1,1,1
Maharashtra,Consumer Internet,0.0,0.0,0.0,0.0,0.0,0.0,793.06,4.0,1,1,1,1,1,1
Maharashtra,Deeptech / Hardware,0.0,0.0,0.0,0.0,0.0,0.0,54.45,2.0,1,1,1,1,1,1
Maharashtra,Ecommerce / Retail,0.0,0.0,0.0,0.0,0.0,0.0,22.32,2.0,1,1,1,1,1,1
Maharashtra,Enterprise / Saas,0.0,0.0,0.0,0.0,0.0,0.0,227.44,3.0,1,1,1,1,1,1
Maharashtra,Fintech,71.55,2.0,35.78,71.55,2.0,35.78,1841.51,9.0,0,0,0,0,0,0
Maharashtra,Foodtech,0.0,0.0,0.0,0.0,0.0,0.0,17.43,1.0,1,1,1,1,1,1
Maharashtra,Healthtech,0.0,0.0,0.0,0.0,0.0,0.0,37.63,5.0,1,1,1,1,1,1
Maharashtra,Logistics / Supply Chain,0.0,0.0,0.0,0.0,0.0,0.0,112.05,1.0,1,1,1,1,1,1
Maharashtra,Marketing / Adtech,0.0,0.0,0.0,0.0,0.0,0.0,66.4,1.0,1,1,1,1,1,1
Maharashtra,Mobility / Automotive / Ev,0.0,0.0,0.0,0.0,0.0,0.0,473.1,1.0,1,1,1,1,1,1
Maharashtra,Others,42.0,1.0,42.0,42.0,1.0,42.0,141.68,3.0,0,0,0,0,0,0
Maharashtra,Real Estate / Proptech,0.0,0.0,0.0,0.0,0.0,0.0,622.5,1.0,1,1,1,1,1,1
Maharastra,Enterprise / Saas,0.0,0.0,0.0,0.0,0.0,0.0,49.9,1.0,1,1,1,1,1,1
Mangalore,Foodtech,0.0,0.0,0.0,0.0,0.0,0.0,207.5,1.0,1,1,1,1,1,1
Maryland,Others,0.0,0.0,0.0,0.0,0.0,0.0,498.0,1.0,1,1,1,1,1,1
Massachusetts,Healthtech,0.0,0.0,0.0,0.0,0.0,0.0,37.0,1.0,1,1,1,1,1,1
Menlo Park,Healthtech,0.0,0.0,0.0,0.0,0.0,0.0,3735.0,1.0,1,1,1,1,1,1
Milano,Enterprise / Saas,0.0,0.0,0.0,0.0,0.0,0.0,19.09,1.0,1,1,1,1,1,1
Missourie,Enterprise / Saas,0.0,0.0,0.0,0.0,0.0,0.0,2.9,1.0,1,1,1,1,1,1
Mohali,Enterprise / Saas,0.0,0.0,0.0,0.0,0.0,0.0,12.45,1.0,1,1,1,1,1,1
Mumbai,Agritech,607.79,3.5,32.85,607.79,3.5,32.85,944.99,7.0,0,0,0,0,0,0
Mumbai,Analytics / Big Data,168.49,3.0,56.02,168.49,3.0,56.02,258.96,5.0,0,0,0,0,0,0
Mumbai,Artificial Intelligence,766.41,5.78,15.61,1442.39,9.28,15.78,2757.45,23.0,0,0,0,0,0,0
Mumbai,Climate / Cleantech / Energy,527.74,4.5,111.19,527.74,4.5,111.19,923.18,8.0,0,0,0,0,0,0
Mumbai,Consumer Goods / D2C,1733.08,7.17,117.3,2300.21,12.78,26.29,8141.25,31.0,0,0,0,0,0,0
Mumbai,Consumer Internet,2017.04,20.28,67.16,3834.51,39.13,56.52,16616.46,161.0,0,0,0,0,0,0
Mumbai,Deeptech / Hardware,412.07,2.33,44.92,412.07,2.33,44.92,1141.0,5.0,0,0,0,0,0,0
Mumbai,Ecommerce / Retail,2112.05,8.81,88.8,4059.45,16.79,80.98,21088.51,91.0,0,0,0,0,0,0
Mumbai,Edtech,23.52,2.0,14.18,23.52,2.0,14.18,85.08,4.0,0,0,0,0,0,0
Mumbai,Enterprise / Saas,3332.77,15.34,67.19,6467.55,29.45,50.19,43863.71,206.0,0,0,0,0,0,0
Mumbai,Fintech,3328.6,13.09,93.65,6328.39,24.85,82.3,37697.36,149.0,0,0,0,0,0,0
Mumbai,Foodtech,1083.75,8.17,30.75,1839.21,14.28,28.62,6492.69,45.0,0,0,0,0,0,0
Mumbai,Healthtech,2541.31,9.45,82.77,4842.98,17.48,62.83,21018.21,76.0,0,0,0,0,0,0
Mumbai,Hrtech,0.0,0.0,0.0,0.0,0.0,0.0,4.15,1.0,1,1,1,1,1,1
Mumbai,Logistics / Supply Chain,963.28,6.14,36.12,1128.08,10.41,38.51,9014.03,27.0,0,0,0,0,0,0
Mumbai,Marketing / Adtech,65.16,2.75,15.15,65.16,2.75,15.15,184.26,6.0,0,0,0,0,0,0
Mumbai,Media / Entertainment / Gaming,2787.74,4.62,284.02,3010.8,5.0,297.76,8384.41,10.0,0,0,0,0,0,0
Mumbai,Mobility / Automotive / Ev,640.55,5.18,58.1,753.36,6.73,60.82,1622.31,13.0,0,0,0,0,0,0
Mumbai,Others,1767.55,13.46,34.49,3180.85,24.65,17.87,11785.2,93.0,0,0,0,0,0,0
Mumbai,Real Estate / Proptech,2482.33,4.85,46.46,2590.95,6.92,25.96,7711.7,14.0,0,0,0,0,0,0
Mumbai,Travel / Hospitality,139.61,3.86,31.82,140.56,4.0,31.14,274.32,8.0,0,0,0,0,0,0
Mumbai,Venture Capital,5.81,1.0,5.81,5.81,1.0,5.81,11.62,2.0,0,0,0,0,0,0
Mysore,Enterprise / Saas,0.0,0.0,0.0,0.0,0.0,0.0,199.2,1.0,1,1,1,1,1,1
Nagpur,Consumer Internet,0.0,0.0,0.0,0.0,0.0,0.0,1.19,1.0,1,1,1,1,1,1
Nagpur,Healthtech,2.9,1.0,2.9,2.9,1.0,2.9,18.9,2.0,0,0,0,0,0,0
Nairobi,Agritech,0.0,0.0,0.0,0.0,0.0,0.0,22.73,1.0,1,1,1,1,1,1
Nan,Artificial Intelligence,0.0,0.0,0.0,0.0,0.0,0.0,35.69,1.0,1,1,1,1,1,1
Nan,Consumer Goods / D2C,0.0,0.0,0.0,0.0,0.0,0.0,16.6,1.0,1,1,1,1,1,1
Nan,Ecommerce / Retail,0.0,0.0,0.0,0.0,0.0,0.0,356.9,2.0,1,1,1,1,1,1
Nan,Enterprise / Saas,422.88,8.5,28.12,422.88,8.5,28.12,487.21,10.0,0,0,0,0,0,0
Nan,Fintech,0.0,0.0,0.0,0.0,0.0,0.0,196.0,2.0,1,1,1,1,1,1
Nan,Foodtech,0.0,0.0,0.0,0.0,0.0,0.0,9.96,1.0,1,1,1,1,1,1
Nan,Healthtech,0.0,0.0,0.0,0.0,0.0,0.0,21.0,1.0,1,1,1,1,1,1
Nan,Media / Entertainment / Gaming,0.0,0.0,0.0,0.0,0.0,0.0,26.0,1.0,1,1,1,1,1,1
Nan,Others,700.83,2.0,351.58,700.83,2.0,351.58,807.5,4.0,0,0,0,0,0,0
Nashik,Enterprise / Saas,4.98,1.0,4.98,4.98,1.0,4.98,6.98,2.0,0,0,0,0,0,0
Nashik,Fintech,0.0,0.0,0.0,0.0,0.0,0.0,136.12,1.0,1,1,1,1,1,1
Nashik,Mobility / Automotive / Ev,0.0,0.0,0.0,0.0,0.0,0.0,0.83,1.0,1,1,1,1,1,1
Nashik,Others,0.0,0.0,0.0,0.0,0.0,0.0,8.3,1.0,1,1,1,1,1,1
New Jersey,Healthtech,0.0,0.0,0.0,0.0,0.0,0.0,24.9,1.0,1,1,1,1,1,1
New York Mumbai,Fintech,0.0,0.0,0.0,0.0,0.0,0.0,24.9,1.0,1,1,1,1,1,1
New York,Artificial Intelligence,0.0,0.0,0.0,0.0,0.0,0.0,66.4,1.0,1,1,1,1,1,1
New York,Fintech,431.6,1.0,431.6,431.6,1.0,431.6,468.95,2.0,0,0,0,0,0,0
New York,Foodtech,0.0,0.0,0.0,0.0,0.0,0.0,8.3,1.0,1,1,1,1,1,1
New York,Media / Entertainment / Gaming,0.0,0.0,0.0,0.0,0.0,0.0,33.2,1.0,1,1,1,1,1,1
New York,Others,0.0,0.0,0.0,0.0,0.0,0.0,24.9,1.0,1,1,1,1,1,1
New York,Real Estate / Proptech,0.0,0.0,0.0,0.0,0.0,0.0,24.48,1.0,1,1,1,1,1,1
Newark,Analytics / Big Data,0.0,0.0,0.0,0.0,0.0,0.0,348.6,1.0,1,1,1,1,1,1
Newcastle Upon Tyne,Enterprise / Saas,0.0,0.0,0.0,0.0,0.0,0.0,2.49,1.0,1,1,1,1,1,1
Newyork,Fintech,0.0,0.0,0.0,0.0,0.0,0.0,122.84,1.0,1,1,1,1,1,1
Newyork,Foodtech,0.0,0.0,0.0,0.0,0.0,0.0,1037.5,1.0,1,1,1,1,1,1
Newyork,Healthtech,0.0,0.0,0.0,0.0,0.0,0.0,165.5,1.0,1,1,1,1,1,1
Noida,Agritech,132.63,3.0,22.99,132.63,3.0,22.99,776.05,6.0,0,0,0,0,0,0
Noida,Analytics / Big Data,0.0,0.0,0.0,0.0,0.0,0.0,41.5,1.0,1,1,1,1,1,1
Noida,Artificial Intelligence,8.3,1.0,8.3,8.3,1.0,8.3,33.2,2.0,0,0,0,0,0,0
Noida,Climate / Cleantech / Energy,0.0,0.0,0.0,0.0,0.0,0.0,29.05,2.0,1,1,1,1,1,1
Noida,Consumer Goods / D2C,542.4,1.5,337.6,542.4,1.5,337.6,986.04,3.0,0,0,0,0,0,0
Noida,Consumer Internet,175.11,6.86,19.15,241.25,10.29,14.51,1027.27,23.0,0,0,0,0,0,0
Noida,Ecommerce / Retail,292.59,5.73,21.88,320.21,7.45,10.71,954.79,15.0,0,0,0,0,0,0
Noida,Edtech,2.49,1.0,2.49,2.49,1.0,2.49,64.74,2.0,0,0,0,0,0,0
Noida,Enterprise / Saas,1843.13,8.18,109.86,2752.23,14.47,71.21,11175.35,50.0,0,0,0,0,0,0
Noida,Fintech,6762.9,5.0,296.45,10119.75,7.6,285.75,18736.21,16.0,0,0,0,0,0,0
Noida,Foodtech,15.16,2.5,3.85,15.16,2.5,3.85,366.02,5.0,0,0,0,0,0,0
Noida,Healthtech,558.73,3.5,140.62,558.73,3.5,140.62,1005.32,8.0,0,0,0,0,0,0
Noida,Logistics / Supply Chain,41.95,1.5,21.09,41.95,1.5,21.09,87.6,3.0,0,0,0,0,0,0
Noida,Media / Entertainment / Gaming,8.3,1.0,8.3,8.3,1.0,8.3,29.05,2.0,0,0,0,0,0,0
Noida,Mobility / Automotive / Ev,605.9,1.5,317.47,605.9,1.5,317.47,1162.0,3.0,0,0,0,0,0,0
Noida,Others,242.58,5.58,5.1,388.28,7.83,4.72,555.61,17.0,0,0,0,0,0,0
Noida,Real Estate / Proptech,4.15,1.0,4.15,4.15,1.0,4.15,37.65,2.0,0,0,0,0,0,0
Noida,Travel / Hospitality,43.99,2.0,3.87,43.99,2.0,3.87,123.18,4.0,0,0,0,0,0,0
Noida,Venture Capital,0.0,0.0,0.0,0.0,0.0,0.0,4.98,1.0,1,1,1,1,1,1
Oakland,Analytics / Big Data,0.0,0.0,0.0,0.0,0.0,0.0,0.01,1.0,1,1,1,1,1,1
Odisha,Biotech,0.0,0.0,0.0,0.0,0.0,0.0,0.09,1.0,1,1,1,1,1,1
Odisha,Foodtech,0.0,0.0,0.0,0.0,0.0,0.0,83.0,1.0,1,1,1,1,1,1
Orissia,Healthtech,0.0,0.0,0.0,0.0,0.0,0.0,41.5,1.0,1,1,1,1,1,1
Palo Alto,Fintech,577.6,1.0,577.6,577.6,1.0,577.6,1515.5,2.0,0,0,0,0,0,0
Palo Alto,Others,0.0,0.0,0.0,0.0,0.0,0.0,423.3,1.0,1,1,1,1,1,1
Panaji,Enterprise / Saas,0.0,0.0,0.0,0.0,0.0,0.0,6.85,1.0,1,1,1,1,1,1
Panaji,Travel / Hospitality,0.0,0.0,0.0,0.0,0.0,0.0,8.3,1.0,1,1,1,1,1,1
Panchkula,Enterprise / Saas,0.0,0.0,0.0,0.0,0.0,0.0,0.83,1.0,1,1,1,1,1,1
Paris,Enterprise / Saas,0.0,0.0,0.0,0.0,0.0,0.0,44.82,1.0,1,1,1,1,1,1
Parsippany,Enterprise / Saas,0.0,0.0,0.0,0.0,0.0,0.0,99.6,1.0,1,1,1,1,1,1
Patna,Agritech,0.0,0.0,0.0,0.0,0.0,0.0,249.0,1.0,1,1,1,1,1,1
Patna,Enterprise / Saas,0.0,0.0,0.0,0.0,0.0,0.0,2.8,1.0,1,1,1,1,1,1
Petaluma,Climate / Cleantech / Energy,0.0,0.0,0.0,0.0,0.0,0.0,962.8,1.0,1,1,1,1,1,1
Plano,Enterprise / Saas,0.0,0.0,0.0,0.0,0.0,0.0,24.9,1.0,1,1,1,1,1,1
Posha,Foodtech,0.0,0.0,0.0,0.0,0.0,0.0,66.4,1.0,1,1,1,1,1,1
Powai,Mobility / Automotive / Ev,0.0,0.0,0.0,0.0,0.0,0.0,3.32,1.0,1,1,1,1,1,1
Pune,Agritech,444.7,3.0,44.82,444.7,3.0,44.82,785.11,6.0,0,0,0,0,0,0
Pune,Analytics / Big Data,290.5,1.0,290.5,290.5,1.0,290.5,329.92,2.0,0,0,0,0,0,0
Pune,Artificial Intelligence,6.06,1.5,4.38,6.06,1.5,4.38,6.92,3.0,0,0,0,0,0,0
Pune,Biotech,0.0,0.0,0.0,0.0,0.0,0.0,45.0,1.0,1,1,1,1,1,1
Pune,Climate / Cleantech / Energy,116.72,2.67,40.7,116.72,2.67,40.7,426.15,5.0,0,0,0,0,0,0
Pune,Consumer Internet,159.3,6.17,7.48,182.31,10.22,5.54,1523.19,22.0,0,0,0,0,0,0
Pune,Deeptech / Hardware,381.8,1.5,282.2,381.8,1.5,282.2,423.3,3.0,0,0,0,0,0,0
Pune,Ecommerce / Retail,4077.56,5.5,349.64,4657.69,7.67,95.71,11576.94,15.0,0,0,0,0,0,0
Pune,Enterprise / Saas,1067.91,8.53,46.17,2056.85,15.91,39.34,8907.89,72.0,0,0,0,0,0,0
Pune,Fintech,1135.16,5.0,131.86,1358.21,7.6,98.99,3626.27,17.0,0,0,0,0,0,0
Pune,Foodtech,344.91,5.1,15.98,357.96,6.3,12.41,661.63,12.0,0,0,0,0,0,0
Pune,Healthtech,653.43,5.36,42.68,985.66,7.86,18.08,1802.05,16.0,0,0,0,0,0,0
Pune,Logistics / Supply Chain,35.44,1.5,19.32,35.44,1.5,19.32,2554.49,3.0,0,0,0,0,0,0
Pune,Media / Entertainment / Gaming,10.79,1.0,10.79,10.79,1.0,10.79,55.61,2.0,0,0,0,0,0,0
Pune,Mobility / Automotive / Ev,60.51,2.5,7.54,60.51,2.5,7.54,258.05,5.0,0,0,0,0,0,0
Pune,Others,313.59,5.82,14.95,452.93,9.35,9.62,1137.88,21.0,0,0,0,0,0,0
Raipur,Ecommerce / Retail,0.0,0.0,0.0,0.0,0.0,0.0,126.99,1.0,1,1,1,1,1,1
Raipur,Others,40.0,1.0,40.0,40.0,1.0,40.0,81.5,2.0,0,0,0,0,0,0
Raipur,Real Estate / Proptech,0.0,0.0,0.0,0.0,0.0,0.0,375.0,1.0,1,1,1,1,1,1
Rajastan,Others,0.0,0.0,0.0,0.0,0.0,0.0,8.3,1.0,1,1,1,1,1,1
Rajasthan,Deeptech / Hardware,0.0,0.0,0.0,0.0,0.0,0.0,3.32,1.0,1,1,1,1,1,1
Rajasthan,Fintech,0.0,0.0,0.0,0.0,0.0,0.0,273.9,1.0,1,1,1,1,1,1
Rajkot,Healthtech,0.0,0.0,0.0,0.0,0.0,0.0,1.06,1.0,1,1,1,1,1,1
Rajsamand,Agritech,0.0,0.0,0.0,0.0,0.0,0.0,1.66,1.0,1,1,1,1,1,1
Ranchi,Others,0.0,0.0,0.0,0.0,0.0,0.0,0.83,1.0,1,1,1,1,1,1
Retail,Healthtech,0.0,0.0,0.0,0.0,0.0,0.0,58.1,1.0,1,1,1,1,1,1
Riyadh,Enterprise / Saas,0.0,0.0,0.0,0.0,0.0,0.0,10.79,1.0,1,1,1,1,1,1
Roorkee,Enterprise / Saas,0.0,0.0,0.0,0.0,0.0,0.0,9.96,1.0,1,1,1,1,1,1
Rourkela,Consumer Internet,0.0,0.0,0.0,0.0,0.0,0.0,20.75,1.0,1,1,1,1,1,1
Rourkela,Enterprise / Saas,0.0,0.0,0.0,0.0,0.0,0.0,16.6,1.0,1,1,1,1,1,1
Samastipur,Agritech,0.0,0.0,0.0,0.0,0.0,0.0,41.5,1.0,1,1,1,1,1,1
Samsitpur,Agritech,0.0,0.0,0.0,0.0,0.0,0.0,24.9,1.0,1,1,1,1,1,1
San Fracisco,Artificial Intelligence,0.0,0.0,0.0,0.0,0.0,0.0,58.1,1.0,1,1,1,1,1,1
San Francisco,Artificial Intelligence,235.72,1.5,155.21,235.72,1.5,155.21,342.79,3.0,0,0,0,0,0,0
San Francisco,Enterprise / Saas,3202.98,5.5,726.25,3202.98,5.5,726.25,6996.09,11.0,0,0,0,0,0,0
San Francisco,Fintech,0.0,0.0,0.0,0.0,0.0,0.0,249.0,1.0,1,1,1,1,1,1
San Francisco,Marketing / Adtech,0.0,0.0,0.0,0.0,0.0,0.0,34.86,1.0,1,1,1,1,1,1
San Francisco,Mobility / Automotive / Ev,0.0,0.0,0.0,0.0,0.0,0.0,307.1,1.0,1,1,1,1,1,1
San Francisco,Others,809.25,1.0,809.25,809.25,1.0,809.25,1124.65,2.0,0,0,0,0,0,0
San Jose,Enterprise / Saas,1120.5,1.0,1120.5,1120.5,1.0,1120.5,1254.13,2.0,0,0,0,0,0,0
San Ramon,Artificial Intelligence,0.0,0.0,0.0,0.0,0.0,0.0,1245.0,1.0,1,1,1,1,1,1
Sanfrancisco,Artificial Intelligence,0.0,0.0,0.0,0.0,0.0,0.0,16.6,1.0,1,1,1,1,1,1
Sanfrancisco,Enterprise / Saas,83.0,1.5,43.78,83.0,1.5,43.78,283.86,4.0,0,0,0,0,0,0
Santa Clara,Enterprise / Saas,0.0,0.0,0.0,0.0,0.0,0.0,107.9,1.0,1,1,1,1,1,1
Santa Monica,Fintech,0.0,0.0,0.0,0.0,0.0,0.0,913.0,1.0,1,1,1,1,1,1
Santra,Enterprise / Saas,0.0,0.0,0.0,0.0,0.0,0.0,124.5,1.0,1,1,1,1,1,1
Satara,Healthtech,0.0,0.0,0.0,0.0,0.0,0.0,1.16,1.0,1,1,1,1,1,1
Seatlle,Enterprise / Saas,0.0,0.0,0.0,0.0,0.0,0.0,52.29,1.0,1,1,1,1,1,1
Seattle,Enterprise / Saas,0.0,0.0,0.0,0.0,0.0,0.0,9.13,1.0,1,1,1,1,1,1
Secunderabad,Enterprise / Saas,0.0,0.0,0.0,0.0,0.0,0.0,4.15,1.0,1,1,1,1,1,1
Secundrabad,Consumer Internet,51.46,1.0,51.46,51.46,1.0,51.46,102.92,2.0,0,0,0,0,0,0
Seoul,Others,0.0,0.0,0.0,0.0,0.0,0.0,11.62,1.0,1,1,1,1,1,1
Sfo,Consumer Internet,0.0,0.0,0.0,0.0,0.0,0.0,22.41,1.0,1,1,1,1,1,1
Shanghai,Enterprise / Saas,0.0,0.0,0.0,0.0,0.0,0.0,3320.0,1.0,1,1,1,1,1,1
Silvassa,Enterprise / Saas,0.0,0.0,0.0,0.0,0.0,0.0,8.3,1.0,1,1,1,1,1,1
Singapore,Artificial Intelligence,0.0,0.0,0.0,0.0,0.0,0.0,74.7,1.0,1,1,1,1,1,1
Singapore,Ecommerce / Retail,0.0,0.0,0.0,0.0,0.0,0.0,498.0,1.0,1,1,1,1,1,1
Singapore,Enterprise / Saas,423.96,5.1,27.51,466.63,6.3,23.12,2361.35,12.0,0,0,0,0,0,0
Singapore,Fintech,176.46,1.5,90.47,176.46,1.5,90.47,563.91,3.0,0,0,0,0,0,0
Singapore,Healthtech,0.0,0.0,0.0,0.0,0.0,0.0,622.5,1.0,1,1,1,1,1,1
Singapore,Others,44.4,1.5,22.92,44.4,1.5,22.92,130.9,3.0,0,0,0,0,0,0
Singapore,Real Estate / Proptech,0.0,0.0,0.0,0.0,0.0,0.0,38.18,1.0,1,1,1,1,1,1
Small Towns,Ecommerce / Retail,6.64,1.0,6.64,6.64,1.0,6.64,52.29,2.0,0,0,0,0,0,0
Sonepat,Artificial Intelligence,0.0,0.0,0.0,0.0,0.0,0.0,24.9,1.0,1,1,1,1,1,1
Stamford,Enterprise / Saas,0.0,0.0,0.0,0.0,0.0,0.0,76.36,1.0,1,1,1,1,1,1
Surat,Agritech,0.0,0.0,0.0,0.0,0.0,0.0,24.9,1.0,1,1,1,1,1,1
Surat,Consumer Goods / D2C,33.2,1.0,33.2,33.2,1.0,33.2,62.25,2.0,0,0,0,0,0,0
Surat,Enterprise / Saas,309.29,2.0,156.58,309.29,2.0,156.58,327.27,4.0,0,0,0,0,0,0
Surat,Foodtech,2.32,1.0,2.32,2.32,1.0,2.32,10.32,2.0,0,0,0,0,0,0
Surat,Logistics / Supply Chain,0.0,0.0,0.0,0.0,0.0,0.0,166.0,1.0,1,1,1,1,1,1
Surat,Others,3173.09,1.5,1648.8,3173.09,1.5,1648.8,6105.68,4.0,0,0,0,0,0,0
Sydney,Ecommerce / Retail,0.0,0.0,0.0,0.0,0.0,0.0,62.25,1.0,1,1,1,1,1,1
Sydney,Fintech,0.0,0.0,0.0,0.0,0.0,0.0,124.5,1.0,1,1,1,1,1,1
Tamil Nadu,Agritech,98.47,2.0,49.24,98.47,2.0,49.24,115.07,3.0,0,0,0,0,0,0
Tamil Nadu,Consumer Goods / D2C,0.0,0.0,0.0,0.0,0.0,0.0,38.68,1.0,1,1,1,1,1,1
Tamil Nadu,Consumer Internet,0.0,0.0,0.0,0.0,0.0,0.0,1.42,1.0,1,1,1,1,1,1
Tamil Nadu,Fintech,0.0,0.0,0.0,0.0,0.0,0.0,186.75,1.0,1,1,1,1,1,1
Tamil Nadu,Healthtech,0.0,0.0,0.0,0.0,0.0,0.0,622.5,1.0,1,1,1,1,1,1
Tangerang,Foodtech,0.0,0.0,0.0,0.0,0.0,0.0,99.6,1.0,1,1,1,1,1,1
Taramani,Artificial Intelligence,0.0,0.0,0.0,0.0,0.0,0.0,316.06,1.0,1,1,1,1,1,1
Taramani,Enterprise / Saas,0.0,0.0,0.0,0.0,0.0,0.0,8.3,1.0,1,1,1,1,1,1
Telangana,Agritech,0.0,0.0,0.0,0.0,0.0,0.0,49.8,1.0,1,1,1,1,1,1
Telangana,Artificial Intelligence,0.0,0.0,0.0,0.0,0.0,0.0,24.9,1.0,1,1,1,1,1,1
Telangana,Biotech,0.0,0.0,0.0,0.0,0.0,0.0,1.42,1.0,1,1,1,1,1,1
Telangana,Deeptech / Hardware,0.0,0.0,0.0,0.0,0.0,0.0,24.15,1.0,1,1,1,1,1,1
Telangana,Ecommerce / Retail,0.0,0.0,0.0,0.0,0.0,0.0,28.05,1.0,1,1,1,1,1,1
Telangana,Enterprise / Saas,0.0,0.0,0.0,0.0,0.0,0.0,33.2,1.0,1,1,1,1,1,1
Telangana,Logistics / Supply Chain,0.0,0.0,0.0,0.0,0.0,0.0,12.62,1.0,1,1,1,1,1,1
Telangana,Mobility / Automotive / Ev,0.0,0.0,0.0,0.0,0.0,0.0,51.0,1.0,1,1,1,1,1,1
Telangana,Others,0.0,0.0,0.0,0.0,0.0,0.0,14.19,1.0,1,1,1,1,1,1
Telugana,Healthtech,0.0,0.0,0.0,0.0,0.0,0.0,12.45,1.0,1,1,1,1,1,1
Thane,Artificial Intelligence,0.0,0.0,0.0,0.0,0.0,0.0,14.94,1.0,1,1,1,1,1,1
Thane,Consumer Goods / D2C,0.0,0.0,0.0,0.0,0.0,0.0,0.95,1.0,1,1,1,1,1,1
Thane,Deeptech / Hardware,0.0,0.0,0.0,0.0,0.0,0.0,12.45,1.0,1,1,1,1,1,1
Thane,Ecommerce / Retail,49.8,1.0,49.8,49.8,1.0,49.8,51.67,2.0,0,0,0,0,0,0
Thane,Enterprise / Saas,12.45,1.0,12.45,12.45,1.0,12.45,15.36,2.0,0,0,0,0,0,0
Thane,Fintech,0.0,0.0,0.0,0.0,0.0,0.0,49.8,1.0,1,1,1,1,1,1
Thane,Logistics / Supply Chain,0.0,0.0,0.0,0.0,0.0,0.0,41.5,1.0,1,1,1,1,1,1
Thane,Mobility / Automotive / Ev,0.0,0.0,0.0,0.0,0.0,0.0,0.83,1.0,1,1,1,1,1,1
Thane,Others,31.12,1.5,17.64,31.12,1.5,17.64,219.95,3.0,0,0,0,0,0,0
Thane,Real Estate / Proptech,1411.0,2.5,529.12,1411.0,2.5,529.12,3137.4,5.0,0,0,0,0,0,0
Thanjavur,Others,0.0,0.0,0.0,0.0,0.0,0.0,2.49,1.0,1,1,1,1,1,1
The Nilgiris,Enterprise / Saas,0.0,0.0,0.0,0.0,0.0,0.0,1.66,1.0,1,1,1,1,1,1
Thiruvananthapuram,Artificial Intelligence,0.0,0.0,0.0,0.0,0.0,0.0,2.49,1.0,1,1,1,1,1,1
Thiruvananthapuram,Consumer Internet,0.0,0.0,0.0,0.0,0.0,0.0,0.83,1.0,1,1,1,1,1,1
Thiruvananthapuram,Ecommerce / Retail,0.0,0.0,0.0,0.0,0.0,0.0,10.38,1.0,1,1,1,1,1,1
Thiruvananthapuram,Enterprise / Saas,2.49,1.0,2.49,2.49,1.0,2.49,105.41,2.0,0,0,0,0,0,0
Thiruvananthapuram,Healthtech,0.0,0.0,0.0,0.0,0.0,0.0,1.66,1.0,1,1,1,1,1,1
Tiruchirappall,Others,0.0,0.0,0.0,0.0,0.0,0.0,145.25,1.0,1,1,1,1,1,1
Tirunelveli,Ecommerce / Retail,0.0,0.0,0.0,0.0,0.0,0.0,4.15,1.0,1,1,1,1,1,1
Tokyo,Others,0.0,0.0,0.0,0.0,0.0,0.0,201.0,1.0,1,1,1,1,1,1
Tortola,Others,0.0,0.0,0.0,0.0,0.0,0.0,83.0,1.0,1,1,1,1,1,1
Troy,Others,0.0,0.0,0.0,0.0,0.0,0.0,53.95,1.0,1,1,1,1,1,1
Tulangan,Enterprise / Saas,0.0,0.0,0.0,0.0,0.0,0.0,1660.0,1.0,1,1,1,1,1,1
Udaipur,Healthtech,4.15,1.0,4.15,4.15,1.0,4.15,15.15,2.0,0,0,0,0,0,0
Udupi,Mobility / Automotive / Ev,0.0,0.0,0.0,0.0,0.0,0.0,99.6,1.0,1,1,1,1,1,1
United Kingdom,Healthtech,0.0,0.0,0.0,0.0,0.0,0.0,89.64,1.0,1,1,1,1,1,1
United States,Others,0.0,0.0,0.0,0.0,0.0,0.0,365.2,1.0,1,1,1,1,1,1
Unknown,Agritech,37.35,2.0,18.68,37.35,2.0,18.68,45.65,3.0,0,0,0,0,0,0
Unknown,Analytics / Big Data,0.0,0.0,0.0,0.0,0.0,0.0,83.0,1.0,1,1,1,1,1,1
Unknown,Artificial Intelligence,168.33,3.5,68.47,168.33,3.5,68.47,284.53,5.0,0,0,0,0,0,0
Unknown,Consumer Internet,0.32,1.5,0.2,0.32,1.5,0.2,27.83,3.0,0,0,0,0,0,0
Unknown,Cybersecurity,0.0,0.0,0.0,0.0,0.0,0.0,250.0,1.0,1,1,1,1,1,1
Unknown,Ecommerce / Retail,273.07,2.67,129.96,273.07,2.67,129.96,560.76,5.0,0,0,0,0,0,0
Unknown,Enterprise / Saas,5255.78,15.67,52.27,6758.34,18.89,55.7,10552.86,35.0,0,0,0,0,0,0
Unknown,Fintech,1388.29,7.4,75.53,1388.29,7.4,75.53,3148.4,15.0,0,0,0,0,0,0
Unknown,Foodtech,1604.32,3.0,592.15,1604.32,3.0,592.15,1903.47,6.0,0,0,0,0,0,0
Unknown,Healthtech,195.72,3.75,35.73,195.72,3.75,35.73,1166.07,9.0,0,0,0,0,0,0
Unknown,Hrtech,273.9,1.5,199.2,273.9,1.5,199.2,572.7,3.0,0,0,0,0,0,0
Unknown,Logistics / Supply Chain,252.32,2.5,95.04,252.32,2.5,95.04,274.32,4.0,0,0,0,0,0,0
Unknown,Mobility / Automotive / Ev,16.6,1.0,16.6,16.6,1.0,16.6,149.4,2.0,0,0,0,0,0,0
Unknown,Others,6822.88,75.73,26.28,10479.23,121.09,16.12,13065.32,147.0,0,0,0,0,0,0
Us,Artificial Intelligence,933.75,1.5,695.12,933.75,1.5,695.12,1014.26,3.0,0,0,0,0,0,0
Us,Ecommerce / Retail,0.0,0.0,0.0,0.0,0.0,0.0,26.56,1.0,1,1,1,1,1,1
Us,Enterprise / Saas,109.56,2.0,54.78,109.56,2.0,54.78,283.86,3.0,0,0,0,0,0,0
Us,Fintech,0.0,0.0,0.0,0.0,0.0,0.0,116.2,1.0,1,1,1,1,1,1
Us,Healthtech,0.0,0.0,0.0,0.0,0.0,0.0,132.8,1.0,1,1,1,1,1,1
Us,Others,24.9,1.0,24.9,24.9,1.0,24.9,215.8,2.0,0,0,0,0,0,0
Usa,Artificial Intelligence,830.0,1.0,830.0,830.0,1.0,830.0,2988.0,2.0,0,0,0,0,0,0
Usa,Climate / Cleantech / Energy,0.0,0.0,0.0,0.0,0.0,0.0,137.78,1.0,1,1,1,1,1,1
Usa,Enterprise / Saas,328.06,2.5,161.93,328.06,2.5,161.93,655.08,4.0,0,0,0,0,0,0
Usa,Healthtech,10.79,1.0,10.79,10.79,1.0,10.79,260.79,2.0,0,0,0,0,0,0
Usa,Mobility / Automotive / Ev,0.0,0.0,0.0,0.0,0.0,0.0,2490.0,1.0,1,1,1,1,1,1
Usa,Others,0.0,0.0,0.0,0.0,0.0,0.0,21.58,1.0,1,1,1,1,1,1
Utah,Artificial Intelligence,0.0,0.0,0.0,0.0,0.0,0.0,95.45,1.0,1,1,1,1,1,1
Uttar Pradesh,Climate / Cleantech / Energy,0.0,0.0,0.0,0.0,0.0,0.0,53.95,1.0,1,1,1,1,1,1
Uttar Pradesh,Consumer Goods / D2C,0.0,0.0,0.0,0.0,0.0,0.0,1.07,1.0,1,1,1,1,1,1
Uttar Pradesh,Consumer Internet,0.0,0.0,0.0,0.0,0.0,0.0,142.76,2.0,1,1,1,1,1,1
Uttar Pradesh,Enterprise / Saas,8.3,1.0,8.3,8.3,1.0,8.3,17.43,2.0,0,0,0,0,0,0
Uttar Pradesh,Logistics / Supply Chain,0.0,0.0,0.0,0.0,0.0,0.0,9.96,1.0,1,1,1,1,1,1
Uttar Pradesh,Others,0.0,0.0,0.0,0.0,0.0,0.0,8.3,1.0,1,1,1,1,1,1
Uttarakhand,Healthtech,0.0,0.0,0.0,0.0,0.0,0.0,50.0,1.0,1,1,1,1,1,1
Vadodara,Consumer Internet,5.56,1.5,3.71,5.56,1.5,3.71,13.47,3.0,0,0,0,0,0,0
Vadodara,Ecommerce / Retail,0.0,0.0,0.0,0.0,0.0,0.0,8.3,1.0,1,1,1,1,1,1
Vadodara,Foodtech,0.0,0.0,0.0,0.0,0.0,0.0,1.25,1.0,1,1,1,1,1,1
Vadodara,Healthtech,0.0,0.0,0.0,0.0,0.0,0.0,3.79,1.0,1,1,1,1,1,1
Vadodara,Mobility / Automotive / Ev,0.0,0.0,0.0,0.0,0.0,0.0,83.0,1.0,1,1,1,1,1,1
Vadodara,Others,0.0,0.0,0.0,0.0,0.0,0.0,33.2,1.0,1,1,1,1,1,1
Varanasi,Consumer Internet,0.0,0.0,0.0,0.0,0.0,0.0,0.43,1.0,1,1,1,1,1,1
Visakhapatnam,Enterprise / Saas,0.0,0.0,0.0,0.0,0.0,0.0,1.1,1.0,1,1,1,1,1,1
Vishakhapatnam,Enterprise / Saas,0.0,0.0,0.0,0.0,0.0,0.0,8.3,1.0,1,1,1,1,1,1
Vishakhapatnam,Healthtech,0.0,0.0,0.0,0.0,0.0,0.0,6.6,1.0,1,1,1,1,1,1
Vitznau,Travel / Hospitality,0.0,0.0,0.0,0.0,0.0,0.0,431.6,1.0,1,1,1,1,1,1
Washington,Enterprise / Saas,0.0,0.0,0.0,0.0,0.0,0.0,415.0,1.0,1,1,1,1,1,1
Washington,Others,0.0,0.0,0.0,0.0,0.0,0.0,2.0,1.0,1,1,1,1,1,1
West Bengal,Artificial Intelligence,0.0,0.0,0.0,0.0,0.0,0.0,41.5,1.0,1,1,1,1,1,1
West Bengal,Enterprise / Saas,0.0,0.0,0.0,0.0,0.0,0.0,12.45,1.0,1,1,1,1,1,1
West Bengal,Mobility / Automotive / Ev,0.0,0.0,0.0,0.0,0.0,0.0,191.73,1.0,1,1,1,1,1,1
Wilmington,Ecommerce / Retail,0.0,0.0,0.0,0.0,0.0,0.0,14.11,1.0,1,1,1,1,1,1
Wyoming,Others,0.0,0.0,0.0,0.0,0.0,0.0,145.25,1.0,1,1,1,1,1,1
